Day,Mean_Mastery
0,0.9000000000000008
1,0.7080261122431811
2,0.5582961878538173
3,0.4412260012879495
4,0.3494696075609713
5,0.27738256919958276
6,0.22061699067814253
7,0.17581531915534615
8,0.14037830125836215
9,0.11228873260199754
10,0.08997727270928292
11,0.07222004406178059
12,0.05806029989542896
13,0.04674835921839029
14,0.03769543762663406
15,0.0304380730993244
