Concurrency,Sync_Throughput,Sync_P50,Sync_P95,Sync_P99,Async_Throughput,Async_P50,Async_P95,Async_P99
5,13.14046287538394,371.2875999917742,373.7052600015886,373.8604120002128,15.112671008125053,323.00299999769777,327.38535999669693,327.6531520008575
10,17.331482099380743,492.6576500001829,565.5219399908674,566.4150279914611,21.688196178416888,313.4495999838691,447.9957650124561,448.53587301797234
20,19.67690715170352,475.77730000193696,604.0896900056399,913.5706579976244,19.71735953831212,986.1378499917919,1003.964840003755,1008.5072079976089
50,37.82282442527122,929.9808999930974,1213.017725001555,1223.705437988392,60.002803329964735,651.9042500003707,759.5512050174875,764.962810013094
